feature,importance,absolute_importance,model,experiment_id,include_prior_grades,use_interactions
failures,-0.8841130099010617,0.8841130099010617,linear_regression,early_warning__baseline_features,False,False
higher_no,-0.843469050542372,0.843469050542372,linear_regression,early_warning__baseline_features,False,False
higher_yes,0.8434690505423715,0.8434690505423715,linear_regression,early_warning__baseline_features,False,False
schoolsup_no,0.8016965719140394,0.8016965719140394,linear_regression,early_warning__baseline_features,False,False
schoolsup_yes,-0.8016965719140393,0.8016965719140393,linear_regression,early_warning__baseline_features,False,False
school_MS,-0.6968293543991387,0.6968293543991387,linear_regression,early_warning__baseline_features,False,False
school_GP,0.6968293543991386,0.6968293543991386,linear_regression,early_warning__baseline_features,False,False
Fjob_at_home,0.6418933541283964,0.6418933541283964,linear_regression,early_warning__baseline_features,False,False
Mjob_health,0.6017148964362904,0.6017148964362904,linear_regression,early_warning__baseline_features,False,False
reason_other,-0.5656183724126714,0.5656183724126714,linear_regression,early_warning__baseline_features,False,False
Fjob_services,-0.4574335858469504,0.4574335858469504,linear_regression,early_warning__baseline_features,False,False
guardian_other,0.45608416629111903,0.45608416629111903,linear_regression,early_warning__baseline_features,False,False
Mjob_at_home,-0.44317497033808856,0.44317497033808856,linear_regression,early_warning__baseline_features,False,False
reason_reputation,0.43678844355256763,0.43678844355256763,linear_regression,early_warning__baseline_features,False,False
Fjob_health,-0.3992132015187671,0.3992132015187671,linear_regression,early_warning__baseline_features,False,False
guardian_mother,-0.3788783925199414,0.3788783925199414,linear_regression,early_warning__baseline_features,False,False
health,-0.32818461962868256,0.32818461962868256,linear_regression,early_warning__baseline_features,False,False
studytime,0.29953272836261025,0.29953272836261025,linear_regression,early_warning__baseline_features,False,False
Mjob_other,-0.2910784222990227,0.2910784222990227,linear_regression,early_warning__baseline_features,False,False
Fedu,0.28298005637989665,0.28298005637989665,linear_regression,early_warning__baseline_features,False,False
Dalc,-0.24216557201274502,0.24216557201274502,linear_regression,early_warning__baseline_features,False,False
sex_F,0.23868630967670973,0.23868630967670973,linear_regression,early_warning__baseline_features,False,False
sex_M,-0.23868630967670956,0.23868630967670956,linear_regression,early_warning__baseline_features,False,False
absences,-0.23814546502096232,0.23814546502096232,linear_regression,early_warning__baseline_features,False,False
romantic_yes,-0.18600608549620828,0.18600608549620828,linear_regression,early_warning__baseline_features,False,False
romantic_no,0.18600608549620823,0.18600608549620823,linear_regression,early_warning__baseline_features,False,False
paid_yes,-0.17392061919947838,0.17392061919947838,linear_regression,early_warning__baseline_features,False,False
paid_no,0.17392061919947815,0.17392061919947815,linear_regression,early_warning__baseline_features,False,False
goout,-0.17193677747840297,0.17193677747840297,linear_regression,early_warning__baseline_features,False,False
famrel,0.1622358115127882,0.1622358115127882,linear_regression,early_warning__baseline_features,False,False
Fjob_other,0.15757079183594191,0.15757079183594191,linear_regression,early_warning__baseline_features,False,False
internet_no,-0.15146618726617228,0.15146618726617228,linear_regression,early_warning__baseline_features,False,False
internet_yes,0.151466187266172,0.151466187266172,linear_regression,early_warning__baseline_features,False,False
reason_course,0.14922320688650198,0.14922320688650198,linear_regression,early_warning__baseline_features,False,False
address_U,0.14276111262771696,0.14276111262771696,linear_regression,early_warning__baseline_features,False,False
address_R,-0.14276111262771674,0.14276111262771674,linear_regression,early_warning__baseline_features,False,False
age,0.13403698950687454,0.13403698950687454,linear_regression,early_warning__baseline_features,False,False
freetime,-0.12995054498833022,0.12995054498833022,linear_regression,early_warning__baseline_features,False,False
Mjob_teacher,0.10700294605498528,0.10700294605498528,linear_regression,early_warning__baseline_features,False,False
activities_yes,0.08838805926606119,0.08838805926606119,linear_regression,early_warning__baseline_features,False,False
activities_no,-0.08838805926606105,0.08838805926606105,linear_regression,early_warning__baseline_features,False,False
famsize_GT3,-0.08605292979518031,0.08605292979518031,linear_regression,early_warning__baseline_features,False,False
famsize_LE3,0.08605292979517976,0.08605292979517976,linear_regression,early_warning__baseline_features,False,False
guardian_father,-0.0772057737711766,0.0772057737711766,linear_regression,early_warning__baseline_features,False,False
Pstatus_T,-0.07345407940460946,0.07345407940460946,linear_regression,early_warning__baseline_features,False,False
Pstatus_A,0.0734540794046093,0.0734540794046093,linear_regression,early_warning__baseline_features,False,False
Fjob_teacher,0.05718264140137914,0.05718264140137914,linear_regression,early_warning__baseline_features,False,False
nursery_yes,-0.05369373233607716,0.05369373233607716,linear_regression,early_warning__baseline_features,False,False
nursery_no,0.053693732336076966,0.053693732336076966,linear_regression,early_warning__baseline_features,False,False
Medu,-0.026445337263555357,0.026445337263555357,linear_regression,early_warning__baseline_features,False,False
Mjob_services,0.025535550145835764,0.025535550145835764,linear_regression,early_warning__baseline_features,False,False
traveltime,-0.021970689499144658,0.021970689499144658,linear_regression,early_warning__baseline_features,False,False
reason_home,-0.020393278026397454,0.020393278026397454,linear_regression,early_warning__baseline_features,False,False
Walc,-0.0062761217050879,0.0062761217050879,linear_regression,early_warning__baseline_features,False,False
famsup_no,0.00373063514677531,0.00373063514677531,linear_regression,early_warning__baseline_features,False,False
famsup_yes,-0.0037306351467750742,0.0037306351467750742,linear_regression,early_warning__baseline_features,False,False
failures,-0.8825445851392949,0.8825445851392949,ridge,early_warning__baseline_features,False,False
higher_no,-0.8343257342969186,0.8343257342969186,ridge,early_warning__baseline_features,False,False
higher_yes,0.8343257342969174,0.8343257342969174,ridge,early_warning__baseline_features,False,False
schoolsup_yes,-0.7913522816506843,0.7913522816506843,ridge,early_warning__baseline_features,False,False
schoolsup_no,0.7913522816506444,0.7913522816506444,ridge,early_warning__baseline_features,False,False
school_MS,-0.6934424404778795,0.6934424404778795,ridge,early_warning__baseline_features,False,False
school_GP,0.6934424404778738,0.6934424404778738,ridge,early_warning__baseline_features,False,False
Fjob_at_home,0.615369717846893,0.615369717846893,ridge,early_warning__baseline_features,False,False
Mjob_health,0.5807112216109417,0.5807112216109417,ridge,early_warning__baseline_features,False,False
reason_other,-0.5600508487685195,0.5600508487685195,ridge,early_warning__baseline_features,False,False
Fjob_services,-0.4556038402662234,0.4556038402662234,ridge,early_warning__baseline_features,False,False
guardian_other,0.4420001597536056,0.4420001597536056,ridge,early_warning__baseline_features,False,False
reason_reputation,0.43251427457797126,0.43251427457797126,ridge,early_warning__baseline_features,False,False
Mjob_at_home,-0.4311653256923849,0.4311653256923849,ridge,early_warning__baseline_features,False,False
guardian_mother,-0.3710578163872786,0.3710578163872786,ridge,early_warning__baseline_features,False,False
Fjob_health,-0.36607982252087096,0.36607982252087096,ridge,early_warning__baseline_features,False,False
health,-0.32733954539278676,0.32733954539278676,ridge,early_warning__baseline_features,False,False
studytime,0.2997407598861422,0.2997407598861422,ridge,early_warning__baseline_features,False,False
Mjob_other,-0.2824444979101136,0.2824444979101136,ridge,early_warning__baseline_features,False,False
Fedu,0.2800987143021495,0.2800987143021495,ridge,early_warning__baseline_features,False,False
Dalc,-0.24475743015912432,0.24475743015912432,ridge,early_warning__baseline_features,False,False
absences,-0.23679311242564327,0.23679311242564327,ridge,early_warning__baseline_features,False,False
sex_M,-0.23597874930940738,0.23597874930940738,ridge,early_warning__baseline_features,False,False
sex_F,0.23597874930937837,0.23597874930937837,ridge,early_warning__baseline_features,False,False
romantic_no,0.18456938520929797,0.18456938520929797,ridge,early_warning__baseline_features,False,False
romantic_yes,-0.18456938520929211,0.18456938520929211,ridge,early_warning__baseline_features,False,False
paid_no,0.17331036334409172,0.17331036334409172,ridge,early_warning__baseline_features,False,False
paid_yes,-0.17331036334407862,0.17331036334407862,ridge,early_warning__baseline_features,False,False
goout,-0.1715902201067425,0.1715902201067425,ridge,early_warning__baseline_features,False,False
famrel,0.1609133878640306,0.1609133878640306,ridge,early_warning__baseline_features,False,False
Fjob_other,0.15451906178398783,0.15451906178398783,ridge,early_warning__baseline_features,False,False
internet_no,-0.152107206021098,0.152107206021098,ridge,early_warning__baseline_features,False,False
internet_yes,0.15210720602109648,0.15210720602109648,ridge,early_warning__baseline_features,False,False
reason_course,0.14795031299785677,0.14795031299785677,ridge,early_warning__baseline_features,False,False
address_U,0.14278771250365488,0.14278771250365488,ridge,early_warning__baseline_features,False,False
address_R,-0.1427877125035896,0.1427877125035896,ridge,early_warning__baseline_features,False,False
age,0.13438354161709568,0.13438354161709568,ridge,early_warning__baseline_features,False,False
freetime,-0.1293201274774834,0.1293201274774834,ridge,early_warning__baseline_features,False,False
Mjob_teacher,0.10618856953897873,0.10618856953897873,ridge,early_warning__baseline_features,False,False
activities_no,-0.08871496760743974,0.08871496760743974,ridge,early_warning__baseline_features,False,False
activities_yes,0.08871496760743842,0.08871496760743842,ridge,early_warning__baseline_features,False,False
famsize_LE3,0.08652337160221348,0.08652337160221348,ridge,early_warning__baseline_features,False,False
famsize_GT3,-0.08652337160220867,0.08652337160220867,ridge,early_warning__baseline_features,False,False
Pstatus_A,0.07293513331832373,0.07293513331832373,ridge,early_warning__baseline_features,False,False
Pstatus_T,-0.07293513331826326,0.07293513331826326,ridge,early_warning__baseline_features,False,False
guardian_father,-0.07094234336648446,0.07094234336648446,ridge,early_warning__baseline_features,False,False
nursery_yes,-0.05420679174256654,0.05420679174256654,ridge,early_warning__baseline_features,False,False
nursery_no,0.05420679174253228,0.05420679174253228,ridge,early_warning__baseline_features,False,False
Fjob_teacher,0.05179488315556385,0.05179488315556385,ridge,early_warning__baseline_features,False,False
Mjob_services,0.026710032452831996,0.026710032452831996,ridge,early_warning__baseline_features,False,False
traveltime,-0.022417538620040166,0.022417538620040166,ridge,early_warning__baseline_features,False,False
Medu,-0.020415991109801995,0.020415991109801995,ridge,early_warning__baseline_features,False,False
reason_home,-0.02041373880780262,0.02041373880780262,ridge,early_warning__baseline_features,False,False
Walc,-0.006652144094710791,0.006652144094710791,ridge,early_warning__baseline_features,False,False
famsup_yes,-0.002466318426521641,0.002466318426521641,ridge,early_warning__baseline_features,False,False
famsup_no,0.0024663184265210246,0.0024663184265210246,ridge,early_warning__baseline_features,False,False
higher_no,-1.5814757454889419,1.5814757454889419,lasso,early_warning__baseline_features,False,False
schoolsup_no,1.4881608506849786,1.4881608506849786,lasso,early_warning__baseline_features,False,False
school_GP,1.3787774427389337,1.3787774427389337,lasso,early_warning__baseline_features,False,False
failures,-0.8741514751162636,0.8741514751162636,lasso,early_warning__baseline_features,False,False
reason_other,-0.6343917729602144,0.6343917729602144,lasso,early_warning__baseline_features,False,False
Fjob_services,-0.4952515857182348,0.4952515857182348,lasso,early_warning__baseline_features,False,False
sex_F,0.3992438690063509,0.3992438690063509,lasso,early_warning__baseline_features,False,False
Mjob_health,0.36021318311664374,0.36021318311664374,lasso,early_warning__baseline_features,False,False
guardian_other,0.35480678896609397,0.35480678896609397,lasso,early_warning__baseline_features,False,False
Mjob_at_home,-0.3519310729523731,0.3519310729523731,lasso,early_warning__baseline_features,False,False
Fjob_at_home,0.3441200637443492,0.3441200637443492,lasso,early_warning__baseline_features,False,False
health,-0.3191888854043794,0.3191888854043794,lasso,early_warning__baseline_features,False,False
reason_reputation,0.30440915110349087,0.30440915110349087,lasso,early_warning__baseline_features,False,False
studytime,0.29965294477567733,0.29965294477567733,lasso,early_warning__baseline_features,False,False
romantic_no,0.29928246232709277,0.29928246232709277,lasso,early_warning__baseline_features,False,False
internet_no,-0.2711509410753793,0.2711509410753793,lasso,early_warning__baseline_features,False,False
Dalc,-0.27111470788529973,0.27111470788529973,lasso,early_warning__baseline_features,False,False
guardian_mother,-0.2647348858562577,0.2647348858562577,lasso,early_warning__baseline_features,False,False
Fedu,0.24763076252834557,0.24763076252834557,lasso,early_warning__baseline_features,False,False
address_R,-0.24637102709880945,0.24637102709880945,lasso,early_warning__baseline_features,False,False
Mjob_other,-0.22246266815122312,0.22246266815122312,lasso,early_warning__baseline_features,False,False
absences,-0.2183388924574333,0.2183388924574333,lasso,early_warning__baseline_features,False,False
paid_no,0.20500935421318056,0.20500935421318056,lasso,early_warning__baseline_features,False,False
goout,-0.1607943106226388,0.1607943106226388,lasso,early_warning__baseline_features,False,False
famsize_GT3,-0.1527602299899676,0.1527602299899676,lasso,early_warning__baseline_features,False,False
famrel,0.13816667754964856,0.13816667754964856,lasso,early_warning__baseline_features,False,False
activities_no,-0.13172613368460312,0.13172613368460312,lasso,early_warning__baseline_features,False,False
age,0.12720652354934686,0.12720652354934686,lasso,early_warning__baseline_features,False,False
freetime,-0.1092527345682482,0.1092527345682482,lasso,early_warning__baseline_features,False,False
reason_home,-0.06649568288151801,0.06649568288151801,lasso,early_warning__baseline_features,False,False
nursery_no,0.04560867224317147,0.04560867224317147,lasso,early_warning__baseline_features,False,False
Pstatus_A,0.03583848787198134,0.03583848787198134,lasso,early_warning__baseline_features,False,False
Fjob_other,0.027954246293241513,0.027954246293241513,lasso,early_warning__baseline_features,False,False
Medu,0.025204787644744504,0.025204787644744504,lasso,early_warning__baseline_features,False,False
reason_course,0.025006746682748028,0.025006746682748028,lasso,early_warning__baseline_features,False,False
traveltime,-0.017703369564385438,0.017703369564385438,lasso,early_warning__baseline_features,False,False
Walc,-0.003415525687697339,0.003415525687697339,lasso,early_warning__baseline_features,False,False
sex_M,-2.1532586749165255e-15,2.1532586749165255e-15,lasso,early_warning__baseline_features,False,False
paid_yes,-9.197448057351069e-16,9.197448057351069e-16,lasso,early_warning__baseline_features,False,False
activities_yes,9.176832027405258e-16,9.176832027405258e-16,lasso,early_warning__baseline_features,False,False
nursery_yes,-8.223881878238211e-16,8.223881878238211e-16,lasso,early_warning__baseline_features,False,False
internet_yes,7.685212474976381e-16,7.685212474976381e-16,lasso,early_warning__baseline_features,False,False
school_MS,-6.822108148584625e-16,6.822108148584625e-16,lasso,early_warning__baseline_features,False,False
address_U,4.478645614033198e-16,4.478645614033198e-16,lasso,early_warning__baseline_features,False,False
romantic_yes,-3.7608693954635353e-16,3.7608693954635353e-16,lasso,early_warning__baseline_features,False,False
Pstatus_T,-3.2270918926539983e-16,3.2270918926539983e-16,lasso,early_warning__baseline_features,False,False
famsize_LE3,2.8170058878155637e-16,2.8170058878155637e-16,lasso,early_warning__baseline_features,False,False
famsup_yes,0.0,0.0,lasso,early_warning__baseline_features,False,False
Fjob_health,-0.0,0.0,lasso,early_warning__baseline_features,False,False
schoolsup_yes,-0.0,0.0,lasso,early_warning__baseline_features,False,False
guardian_father,-0.0,0.0,lasso,early_warning__baseline_features,False,False
higher_yes,0.0,0.0,lasso,early_warning__baseline_features,False,False
Mjob_services,0.0,0.0,lasso,early_warning__baseline_features,False,False
Fjob_teacher,-0.0,0.0,lasso,early_warning__baseline_features,False,False
Mjob_teacher,0.0,0.0,lasso,early_warning__baseline_features,False,False
famsup_no,-0.0,0.0,lasso,early_warning__baseline_features,False,False
failures,0.38684796970507296,0.38684796970507296,decision_tree,early_warning__baseline_features,False,False
school_GP,0.08202206970341312,0.08202206970341312,decision_tree,early_warning__baseline_features,False,False
Walc,0.052648599576082825,0.052648599576082825,decision_tree,early_warning__baseline_features,False,False
higher_no,0.04851023196721625,0.04851023196721625,decision_tree,early_warning__baseline_features,False,False
absences,0.04619911585554761,0.04619911585554761,decision_tree,early_warning__baseline_features,False,False
freetime,0.046177038904254716,0.046177038904254716,decision_tree,early_warning__baseline_features,False,False
school_MS,0.04326828214013811,0.04326828214013811,decision_tree,early_warning__baseline_features,False,False
Fedu,0.041032217483013576,0.041032217483013576,decision_tree,early_warning__baseline_features,False,False
Dalc,0.03651338443059395,0.03651338443059395,decision_tree,early_warning__baseline_features,False,False
famsup_no,0.035298406267812686,0.035298406267812686,decision_tree,early_warning__baseline_features,False,False
schoolsup_yes,0.034537609845300375,0.034537609845300375,decision_tree,early_warning__baseline_features,False,False
guardian_mother,0.027669701898535074,0.027669701898535074,decision_tree,early_warning__baseline_features,False,False
goout,0.026334628127574956,0.026334628127574956,decision_tree,early_warning__baseline_features,False,False
studytime,0.025425852485550994,0.025425852485550994,decision_tree,early_warning__baseline_features,False,False
schoolsup_no,0.020447495281133952,0.020447495281133952,decision_tree,early_warning__baseline_features,False,False
romantic_no,0.017502126441123814,0.017502126441123814,decision_tree,early_warning__baseline_features,False,False
health,0.007333892774904166,0.007333892774904166,decision_tree,early_warning__baseline_features,False,False
Pstatus_A,0.005532100700410667,0.005532100700410667,decision_tree,early_warning__baseline_features,False,False
Fjob_health,0.005295185347524465,0.005295185347524465,decision_tree,early_warning__baseline_features,False,False
reason_home,0.005286424714913789,0.005286424714913789,decision_tree,early_warning__baseline_features,False,False
Medu,0.0032716062788029666,0.0032716062788029666,decision_tree,early_warning__baseline_features,False,False
Fjob_services,0.002074537762654014,0.002074537762654014,decision_tree,early_warning__baseline_features,False,False
age,0.0007715223084250477,0.0007715223084250477,decision_tree,early_warning__baseline_features,False,False
famsup_yes,0.0,0.0,decision_tree,early_warning__baseline_features,False,False
guardian_other,0.0,0.0,decision_tree,early_warning__baseline_features,False,False
nursery_yes,0.0,0.0,decision_tree,early_warning__baseline_features,False,False
paid_no,0.0,0.0,decision_tree,early_warning__baseline_features,False,False
paid_yes,0.0,0.0,decision_tree,early_warning__baseline_features,False,False
activities_no,0.0,0.0,decision_tree,early_warning__baseline_features,False,False
activities_yes,0.0,0.0,decision_tree,early_warning__baseline_features,False,False
nursery_no,0.0,0.0,decision_tree,early_warning__baseline_features,False,False
reason_reputation,0.0,0.0,decision_tree,early_warning__baseline_features,False,False
higher_yes,0.0,0.0,decision_tree,early_warning__baseline_features,False,False
internet_no,0.0,0.0,decision_tree,early_warning__baseline_features,False,False
internet_yes,0.0,0.0,decision_tree,early_warning__baseline_features,False,False
guardian_father,0.0,0.0,decision_tree,early_warning__baseline_features,False,False
Fjob_at_home,0.0,0.0,decision_tree,early_warning__baseline_features,False,False
reason_other,0.0,0.0,decision_tree,early_warning__baseline_features,False,False
famsize_LE3,0.0,0.0,decision_tree,early_warning__baseline_features,False,False
traveltime,0.0,0.0,decision_tree,early_warning__baseline_features,False,False
famrel,0.0,0.0,decision_tree,early_warning__baseline_features,False,False
sex_F,0.0,0.0,decision_tree,early_warning__baseline_features,False,False
sex_M,0.0,0.0,decision_tree,early_warning__baseline_features,False,False
address_R,0.0,0.0,decision_tree,early_warning__baseline_features,False,False
address_U,0.0,0.0,decision_tree,early_warning__baseline_features,False,False
famsize_GT3,0.0,0.0,decision_tree,early_warning__baseline_features,False,False
Pstatus_T,0.0,0.0,decision_tree,early_warning__baseline_features,False,False
reason_course,0.0,0.0,decision_tree,early_warning__baseline_features,False,False
Mjob_at_home,0.0,0.0,decision_tree,early_warning__baseline_features,False,False
Mjob_health,0.0,0.0,decision_tree,early_warning__baseline_features,False,False
Mjob_other,0.0,0.0,decision_tree,early_warning__baseline_features,False,False
Mjob_services,0.0,0.0,decision_tree,early_warning__baseline_features,False,False
Mjob_teacher,0.0,0.0,decision_tree,early_warning__baseline_features,False,False
Fjob_other,0.0,0.0,decision_tree,early_warning__baseline_features,False,False
Fjob_teacher,0.0,0.0,decision_tree,early_warning__baseline_features,False,False
romantic_yes,0.0,0.0,decision_tree,early_warning__baseline_features,False,False
schoolsup_yes,-0.9038170722183803,0.9038170722183803,linear_regression,early_warning__with_interactions,False,True
schoolsup_no,0.9038170722183801,0.9038170722183801,linear_regression,early_warning__with_interactions,False,True
higher_yes,0.8492652297681933,0.8492652297681933,linear_regression,early_warning__with_interactions,False,True
higher_no,-0.8492652297681932,0.8492652297681932,linear_regression,early_warning__with_interactions,False,True
school_MS,-0.6909145134277932,0.6909145134277932,linear_regression,early_warning__with_interactions,False,True
school_GP,0.6909145134277924,0.6909145134277924,linear_regression,early_warning__with_interactions,False,True
studytime,0.6578363889774254,0.6578363889774254,linear_regression,early_warning__with_interactions,False,True
Fjob_at_home,0.643015882937477,0.643015882937477,linear_regression,early_warning__with_interactions,False,True
failures,-0.5855772619872219,0.5855772619872219,linear_regression,early_warning__with_interactions,False,True
Mjob_health,0.5813672952570659,0.5813672952570659,linear_regression,early_warning__with_interactions,False,True
reason_other,-0.543488494923288,0.543488494923288,linear_regression,early_warning__with_interactions,False,True
guardian_other,0.4949362983694423,0.4949362983694423,linear_regression,early_warning__with_interactions,False,True
Fjob_health,-0.4595954377109468,0.4595954377109468,linear_regression,early_warning__with_interactions,False,True
internet_no,-0.4532789593968367,0.4532789593968367,linear_regression,early_warning__with_interactions,False,True
internet_yes,0.4532789593968361,0.4532789593968361,linear_regression,early_warning__with_interactions,False,True
Mjob_at_home,-0.4239544429241045,0.4239544429241045,linear_regression,early_warning__with_interactions,False,True
guardian_mother,-0.40964705603789064,0.40964705603789064,linear_regression,early_warning__with_interactions,False,True
reason_reputation,0.40490828005124835,0.40490828005124835,linear_regression,early_warning__with_interactions,False,True
Fjob_services,-0.39978174561375746,0.39978174561375746,linear_regression,early_warning__with_interactions,False,True
internet_x_studytime,-0.38984085713854866,0.38984085713854866,linear_regression,early_warning__with_interactions,False,True
studytime_x_failures,-0.37295786275133164,0.37295786275133164,linear_regression,early_warning__with_interactions,False,True
Medu_x_Fedu,0.33901666895401,0.33901666895401,linear_regression,early_warning__with_interactions,False,True
health,-0.328749328328594,0.328749328328594,linear_regression,early_warning__with_interactions,False,True
studytime_x_absences,-0.29229293658337135,0.29229293658337135,linear_regression,early_warning__with_interactions,False,True
Mjob_other,-0.26547623151958516,0.26547623151958516,linear_regression,early_warning__with_interactions,False,True
sex_M,-0.26304195183372564,0.26304195183372564,linear_regression,early_warning__with_interactions,False,True
sex_F,0.2630419518337255,0.2630419518337255,linear_regression,early_warning__with_interactions,False,True
Dalc,-0.22902986539907744,0.22902986539907744,linear_regression,early_warning__with_interactions,False,True
Medu,-0.20579073416615068,0.20579073416615068,linear_regression,early_warning__with_interactions,False,True
Fjob_other,0.19756537482231373,0.19756537482231373,linear_regression,early_warning__with_interactions,False,True
romantic_yes,-0.17750410421794782,0.17750410421794782,linear_regression,early_warning__with_interactions,False,True
romantic_no,0.17750410421794777,0.17750410421794777,linear_regression,early_warning__with_interactions,False,True
goout,-0.17479612256561797,0.17479612256561797,linear_regression,early_warning__with_interactions,False,True
schoolsup_x_failures,0.16455234115143427,0.16455234115143427,linear_regression,early_warning__with_interactions,False,True
address_U,0.15554644707956222,0.15554644707956222,linear_regression,early_warning__with_interactions,False,True
address_R,-0.1555464470795614,0.1555464470795614,linear_regression,early_warning__with_interactions,False,True
famrel,0.15141169709373234,0.15141169709373234,linear_regression,early_warning__with_interactions,False,True
reason_course,0.14638158516539834,0.14638158516539834,linear_regression,early_warning__with_interactions,False,True
paid_no,0.12328948776531984,0.12328948776531984,linear_regression,early_warning__with_interactions,False,True
paid_yes,-0.12328948776531967,0.12328948776531967,linear_regression,early_warning__with_interactions,False,True
freetime,-0.12177309459250846,0.12177309459250846,linear_regression,early_warning__with_interactions,False,True
age,0.12099695353484755,0.12099695353484755,linear_regression,early_warning__with_interactions,False,True
Fedu,0.10969499894255413,0.10969499894255413,linear_regression,early_warning__with_interactions,False,True
famsize_LE3,0.1051994674169704,0.1051994674169704,linear_regression,early_warning__with_interactions,False,True
famsize_GT3,-0.10519946741697034,0.10519946741697034,linear_regression,early_warning__with_interactions,False,True
activities_no,-0.09284989747774923,0.09284989747774923,linear_regression,early_warning__with_interactions,False,True
activities_yes,0.09284989747774908,0.09284989747774908,linear_regression,early_warning__with_interactions,False,True
Pstatus_A,0.08798922186176128,0.08798922186176128,linear_regression,early_warning__with_interactions,False,True
Pstatus_T,-0.08798922186176072,0.08798922186176072,linear_regression,early_warning__with_interactions,False,True
guardian_father,-0.08528924233155113,0.08528924233155113,linear_regression,early_warning__with_interactions,False,True
Mjob_services,0.05893200890919725,0.05893200890919725,linear_regression,early_warning__with_interactions,False,True
Mjob_teacher,0.04913137027742703,0.04913137027742703,linear_regression,early_warning__with_interactions,False,True
traveltime,-0.04349427865331751,0.04349427865331751,linear_regression,early_warning__with_interactions,False,True
nursery_no,0.04198716374063782,0.04198716374063782,linear_regression,early_warning__with_interactions,False,True
nursery_yes,-0.0419871637406376,0.0419871637406376,linear_regression,early_warning__with_interactions,False,True
absences,0.024546906030189636,0.024546906030189636,linear_regression,early_warning__with_interactions,False,True
Fjob_teacher,0.018795925564913746,0.018795925564913746,linear_regression,early_warning__with_interactions,False,True
Walc,-0.009164485554886914,0.009164485554886914,linear_regression,early_warning__with_interactions,False,True
reason_home,-0.007801370293358839,0.007801370293358839,linear_regression,early_warning__with_interactions,False,True
famsup_no,0.0006298510895363651,0.0006298510895363651,linear_regression,early_warning__with_interactions,False,True
famsup_yes,-0.000629851089535699,0.000629851089535699,linear_regression,early_warning__with_interactions,False,True
schoolsup_yes,-0.8896519108697991,0.8896519108697991,ridge,early_warning__with_interactions,False,True
schoolsup_no,0.8896519108697974,0.8896519108697974,ridge,early_warning__with_interactions,False,True
higher_no,-0.8391948643775026,0.8391948643775026,ridge,early_warning__with_interactions,False,True
higher_yes,0.8391948643774996,0.8391948643774996,ridge,early_warning__with_interactions,False,True
school_GP,0.6865146085856536,0.6865146085856536,ridge,early_warning__with_interactions,False,True
school_MS,-0.686514608585644,0.686514608585644,ridge,early_warning__with_interactions,False,True
studytime,0.6355827087156921,0.6355827087156921,ridge,early_warning__with_interactions,False,True
Fjob_at_home,0.6161266946898765,0.6161266946898765,ridge,early_warning__with_interactions,False,True
failures,-0.5899050856990743,0.5899050856990743,ridge,early_warning__with_interactions,False,True
Mjob_health,0.561096325180516,0.561096325180516,ridge,early_warning__with_interactions,False,True
reason_other,-0.5388788461901581,0.5388788461901581,ridge,early_warning__with_interactions,False,True
guardian_other,0.4795809796253095,0.4795809796253095,ridge,early_warning__with_interactions,False,True
internet_no,-0.42417151672186265,0.42417151672186265,ridge,early_warning__with_interactions,False,True
internet_yes,0.42417151672186254,0.42417151672186254,ridge,early_warning__with_interactions,False,True
Fjob_health,-0.4221500675147002,0.4221500675147002,ridge,early_warning__with_interactions,False,True
Mjob_at_home,-0.4143829055984376,0.4143829055984376,ridge,early_warning__with_interactions,False,True
reason_reputation,0.402390304564012,0.402390304564012,ridge,early_warning__with_interactions,False,True
Fjob_services,-0.40133249281774436,0.40133249281774436,ridge,early_warning__with_interactions,False,True
guardian_mother,-0.40027060626142363,0.40027060626142363,ridge,early_warning__with_interactions,False,True
studytime_x_failures,-0.36687163907526366,0.36687163907526366,ridge,early_warning__with_interactions,False,True
internet_x_studytime,-0.35686666140181916,0.35686666140181916,ridge,early_warning__with_interactions,False,True
health,-0.32770478944445747,0.32770478944445747,ridge,early_warning__with_interactions,False,True
Medu_x_Fedu,0.3226149137454608,0.3226149137454608,ridge,early_warning__with_interactions,False,True
studytime_x_absences,-0.28477926871252524,0.28477926871252524,ridge,early_warning__with_interactions,False,True
sex_F,0.25992517790424496,0.25992517790424496,ridge,early_warning__with_interactions,False,True
sex_M,-0.25992517790423797,0.25992517790423797,ridge,early_warning__with_interactions,False,True
Mjob_other,-0.25832369642873587,0.25832369642873587,ridge,early_warning__with_interactions,False,True
Dalc,-0.23153975031196727,0.23153975031196727,ridge,early_warning__with_interactions,False,True
Fjob_other,0.192370080159861,0.192370080159861,ridge,early_warning__with_interactions,False,True
Medu,-0.1919688689509924,0.1919688689509924,ridge,early_warning__with_interactions,False,True
romantic_no,0.17625287110386287,0.17625287110386287,ridge,early_warning__with_interactions,False,True
romantic_yes,-0.17625287110386256,0.17625287110386256,ridge,early_warning__with_interactions,False,True
goout,-0.17363241877128419,0.17363241877128419,ridge,early_warning__with_interactions,False,True
schoolsup_x_failures,0.16099142001888972,0.16099142001888972,ridge,early_warning__with_interactions,False,True
address_U,0.15576969694536005,0.15576969694536005,ridge,early_warning__with_interactions,False,True
address_R,-0.1557696969452889,0.1557696969452889,ridge,early_warning__with_interactions,False,True
famrel,0.14974057236276558,0.14974057236276558,ridge,early_warning__with_interactions,False,True
reason_course,0.1457966428159594,0.1457966428159594,ridge,early_warning__with_interactions,False,True
paid_no,0.12319544275976715,0.12319544275976715,ridge,early_warning__with_interactions,False,True
paid_yes,-0.12319544275973619,0.12319544275973619,ridge,early_warning__with_interactions,False,True
age,0.12233688282894427,0.12233688282894427,ridge,early_warning__with_interactions,False,True
freetime,-0.1207252504377257,0.1207252504377257,ridge,early_warning__with_interactions,False,True
Fedu,0.11646238313000397,0.11646238313000397,ridge,early_warning__with_interactions,False,True
famsize_LE3,0.10529214921374697,0.10529214921374697,ridge,early_warning__with_interactions,False,True
famsize_GT3,-0.10529214921373979,0.10529214921373979,ridge,early_warning__with_interactions,False,True
activities_yes,0.09330373559331209,0.09330373559331209,ridge,early_warning__with_interactions,False,True
activities_no,-0.09330373559330966,0.09330373559330966,ridge,early_warning__with_interactions,False,True
Pstatus_A,0.08704235144187553,0.08704235144187553,ridge,early_warning__with_interactions,False,True
Pstatus_T,-0.08704235144178078,0.08704235144178078,ridge,early_warning__with_interactions,False,True
guardian_father,-0.0793103733641016,0.0793103733641016,ridge,early_warning__with_interactions,False,True
Mjob_services,0.0595359503301444,0.0595359503301444,ridge,early_warning__with_interactions,False,True
Mjob_teacher,0.052074326516785646,0.052074326516785646,ridge,early_warning__with_interactions,False,True
nursery_yes,-0.04361665953132762,0.04361665953132762,ridge,early_warning__with_interactions,False,True
nursery_no,0.04361665953126919,0.04361665953126919,ridge,early_warning__with_interactions,False,True
traveltime,-0.042847089080009074,0.042847089080009074,ridge,early_warning__with_interactions,False,True
absences,0.01925041536017785,0.01925041536017785,ridge,early_warning__with_interactions,False,True
Fjob_teacher,0.014985785482107335,0.014985785482107335,ridge,early_warning__with_interactions,False,True
Walc,-0.009708758767991873,0.009708758767991873,ridge,early_warning__with_interactions,False,True
reason_home,-0.009308101190258817,0.009308101190258817,ridge,early_warning__with_interactions,False,True
famsup_no,-0.0005088572070024671,0.0005088572070024671,ridge,early_warning__with_interactions,False,True
famsup_yes,0.0005088572069381457,0.0005088572069381457,ridge,early_warning__with_interactions,False,True
schoolsup_no,1.6202416113508908,1.6202416113508908,lasso,early_warning__with_interactions,False,True
higher_no,-1.5696672120286308,1.5696672120286308,lasso,early_warning__with_interactions,False,True
school_GP,1.340914708865707,1.340914708865707,lasso,early_warning__with_interactions,False,True
failures,-0.6527122629211486,0.6527122629211486,lasso,early_warning__with_interactions,False,True
reason_other,-0.6166365700680905,0.6166365700680905,lasso,early_warning__with_interactions,False,True
sex_F,0.44714607386554533,0.44714607386554533,lasso,early_warning__with_interactions,False,True
Fjob_services,-0.4289548417028395,0.4289548417028395,lasso,early_warning__with_interactions,False,True
studytime,0.41714771830137193,0.41714771830137193,lasso,early_warning__with_interactions,False,True
guardian_other,0.38516389776491194,0.38516389776491194,lasso,early_warning__with_interactions,False,True
Fjob_at_home,0.3796728413964668,0.3796728413964668,lasso,early_warning__with_interactions,False,True
Mjob_at_home,-0.32771708878453526,0.32771708878453526,lasso,early_warning__with_interactions,False,True
Mjob_health,0.31889356898436494,0.31889356898436494,lasso,early_warning__with_interactions,False,True
health,-0.31163041376116507,0.31163041376116507,lasso,early_warning__with_interactions,False,True
reason_reputation,0.2969771605196561,0.2969771605196561,lasso,early_warning__with_interactions,False,True
romantic_no,0.28586503395740887,0.28586503395740887,lasso,early_warning__with_interactions,False,True
guardian_mother,-0.2812702000038384,0.2812702000038384,lasso,early_warning__with_interactions,False,True
studytime_x_failures,-0.2780080280662459,0.2780080280662459,lasso,early_warning__with_interactions,False,True
address_R,-0.27510562786189,0.27510562786189,lasso,early_warning__with_interactions,False,True
Dalc,-0.25936668843806976,0.25936668843806976,lasso,early_warning__with_interactions,False,True
studytime_x_absences,-0.2387944138616258,0.2387944138616258,lasso,early_warning__with_interactions,False,True
internet_no,-0.23039913341018312,0.23039913341018312,lasso,early_warning__with_interactions,False,True
Mjob_other,-0.20268206990625842,0.20268206990625842,lasso,early_warning__with_interactions,False,True
famsize_GT3,-0.18458012492974607,0.18458012492974607,lasso,early_warning__with_interactions,False,True
Fedu,0.1770437051127966,0.1770437051127966,lasso,early_warning__with_interactions,False,True
goout,-0.1540304094545785,0.1540304094545785,lasso,early_warning__with_interactions,False,True
activities_no,-0.13717225188900412,0.13717225188900412,lasso,early_warning__with_interactions,False,True
famrel,0.12347497712212743,0.12347497712212743,lasso,early_warning__with_interactions,False,True
schoolsup_x_failures,0.1209540482582284,0.1209540482582284,lasso,early_warning__with_interactions,False,True
Medu_x_Fedu,0.1186695489200514,0.1186695489200514,lasso,early_warning__with_interactions,False,True
age,0.11784494993577647,0.11784494993577647,lasso,early_warning__with_interactions,False,True
paid_no,0.10712622974897061,0.10712622974897061,lasso,early_warning__with_interactions,False,True
freetime,-0.09650646188748806,0.09650646188748806,lasso,early_warning__with_interactions,False,True
Fjob_other,0.07751023344899277,0.07751023344899277,lasso,early_warning__with_interactions,False,True
reason_home,-0.06644705790110379,0.06644705790110379,lasso,early_warning__with_interactions,False,True
Pstatus_A,0.061094567522034265,0.061094567522034265,lasso,early_warning__with_interactions,False,True
nursery_no,0.0538154161838919,0.0538154161838919,lasso,early_warning__with_interactions,False,True
reason_course,0.03249924909556927,0.03249924909556927,lasso,early_warning__with_interactions,False,True
traveltime,-0.020431419014656782,0.020431419014656782,lasso,early_warning__with_interactions,False,True
internet_x_studytime,-0.010939647643866466,0.010939647643866466,lasso,early_warning__with_interactions,False,True
Medu,-0.007397478290076911,0.007397478290076911,lasso,early_warning__with_interactions,False,True
Walc,-0.00683895869137228,0.00683895869137228,lasso,early_warning__with_interactions,False,True
sex_M,-1.7839295170829465e-15,1.7839295170829465e-15,lasso,early_warning__with_interactions,False,True
address_U,1.655499360901557e-15,1.655499360901557e-15,lasso,early_warning__with_interactions,False,True
famsize_LE3,1.5963033364288195e-15,1.5963033364288195e-15,lasso,early_warning__with_interactions,False,True
internet_yes,1.046300011653411e-15,1.046300011653411e-15,lasso,early_warning__with_interactions,False,True
schoolsup_yes,-7.652258722487253e-16,7.652258722487253e-16,lasso,early_warning__with_interactions,False,True
activities_yes,6.505963004503728e-16,6.505963004503728e-16,lasso,early_warning__with_interactions,False,True
higher_yes,5.951544161171251e-16,5.951544161171251e-16,lasso,early_warning__with_interactions,False,True
Pstatus_T,-5.774796018433471e-16,5.774796018433471e-16,lasso,early_warning__with_interactions,False,True
paid_yes,-5.173564532259976e-16,5.173564532259976e-16,lasso,early_warning__with_interactions,False,True
romantic_yes,-4.4245522299571e-16,4.4245522299571e-16,lasso,early_warning__with_interactions,False,True
school_MS,-5.24777549891125e-17,5.24777549891125e-17,lasso,early_warning__with_interactions,False,True
nursery_yes,-4.2721464302536164e-17,4.2721464302536164e-17,lasso,early_warning__with_interactions,False,True
Fjob_teacher,0.0,0.0,lasso,early_warning__with_interactions,False,True
absences,-0.0,0.0,lasso,early_warning__with_interactions,False,True
famsup_yes,0.0,0.0,lasso,early_warning__with_interactions,False,True
Fjob_health,-0.0,0.0,lasso,early_warning__with_interactions,False,True
famsup_no,-0.0,0.0,lasso,early_warning__with_interactions,False,True
Mjob_services,0.0,0.0,lasso,early_warning__with_interactions,False,True
guardian_father,0.0,0.0,lasso,early_warning__with_interactions,False,True
Mjob_teacher,0.0,0.0,lasso,early_warning__with_interactions,False,True
failures,0.3868479697050729,0.3868479697050729,decision_tree,early_warning__with_interactions,False,True
school_GP,0.08202206970341311,0.08202206970341311,decision_tree,early_warning__with_interactions,False,True
absences,0.04871846956639238,0.04871846956639238,decision_tree,early_warning__with_interactions,False,True
higher_no,0.048510231967216245,0.048510231967216245,decision_tree,early_warning__with_interactions,False,True
school_MS,0.0432682821401381,0.0432682821401381,decision_tree,early_warning__with_interactions,False,True
Fedu,0.04103221748301357,0.04103221748301357,decision_tree,early_warning__with_interactions,False,True
freetime,0.03999343047672946,0.03999343047672946,decision_tree,early_warning__with_interactions,False,True
Walc,0.03876119802443196,0.03876119802443196,decision_tree,early_warning__with_interactions,False,True
Dalc,0.03651338443059395,0.03651338443059395,decision_tree,early_warning__with_interactions,False,True
famsup_no,0.03529840626781268,0.03529840626781268,decision_tree,early_warning__with_interactions,False,True
schoolsup_no,0.03453760984530039,0.03453760984530039,decision_tree,early_warning__with_interactions,False,True
guardian_mother,0.02766970189853507,0.02766970189853507,decision_tree,early_warning__with_interactions,False,True
age,0.026374632988011824,0.026374632988011824,decision_tree,early_warning__with_interactions,False,True
reason_other,0.026334628127574953,0.026334628127574953,decision_tree,early_warning__with_interactions,False,True
studytime,0.022906498774706213,0.022906498774706213,decision_tree,early_warning__with_interactions,False,True
schoolsup_yes,0.020447495281133956,0.020447495281133956,decision_tree,early_warning__with_interactions,False,True
guardian_father,0.01750212644112381,0.01750212644112381,decision_tree,early_warning__with_interactions,False,True
health,0.007333892774904165,0.007333892774904165,decision_tree,early_warning__with_interactions,False,True
Fjob_health,0.005295185347524464,0.005295185347524464,decision_tree,early_warning__with_interactions,False,True
reason_home,0.005286424714913788,0.005286424714913788,decision_tree,early_warning__with_interactions,False,True
Medu_x_Fedu,0.0032716062788029658,0.0032716062788029658,decision_tree,early_warning__with_interactions,False,True
famsup_yes,0.0020745377626540137,0.0020745377626540137,decision_tree,early_warning__with_interactions,False,True
reason_reputation,0.0,0.0,decision_tree,early_warning__with_interactions,False,True
romantic_no,0.0,0.0,decision_tree,early_warning__with_interactions,False,True
guardian_other,0.0,0.0,decision_tree,early_warning__with_interactions,False,True
higher_yes,0.0,0.0,decision_tree,early_warning__with_interactions,False,True
internet_yes,0.0,0.0,decision_tree,early_warning__with_interactions,False,True
paid_no,0.0,0.0,decision_tree,early_warning__with_interactions,False,True
paid_yes,0.0,0.0,decision_tree,early_warning__with_interactions,False,True
activities_no,0.0,0.0,decision_tree,early_warning__with_interactions,False,True
activities_yes,0.0,0.0,decision_tree,early_warning__with_interactions,False,True
internet_no,0.0,0.0,decision_tree,early_warning__with_interactions,False,True
Fjob_teacher,0.0,0.0,decision_tree,early_warning__with_interactions,False,True
nursery_no,0.0,0.0,decision_tree,early_warning__with_interactions,False,True
nursery_yes,0.0,0.0,decision_tree,early_warning__with_interactions,False,True
reason_course,0.0,0.0,decision_tree,early_warning__with_interactions,False,True
Mjob_other,0.0,0.0,decision_tree,early_warning__with_interactions,False,True
Fjob_services,0.0,0.0,decision_tree,early_warning__with_interactions,False,True
Fjob_other,0.0,0.0,decision_tree,early_warning__with_interactions,False,True
traveltime,0.0,0.0,decision_tree,early_warning__with_interactions,False,True
famrel,0.0,0.0,decision_tree,early_warning__with_interactions,False,True
goout,0.0,0.0,decision_tree,early_warning__with_interactions,False,True
studytime_x_absences,0.0,0.0,decision_tree,early_warning__with_interactions,False,True
studytime_x_failures,0.0,0.0,decision_tree,early_warning__with_interactions,False,True
schoolsup_x_failures,0.0,0.0,decision_tree,early_warning__with_interactions,False,True
internet_x_studytime,0.0,0.0,decision_tree,early_warning__with_interactions,False,True
sex_F,0.0,0.0,decision_tree,early_warning__with_interactions,False,True
sex_M,0.0,0.0,decision_tree,early_warning__with_interactions,False,True
address_R,0.0,0.0,decision_tree,early_warning__with_interactions,False,True
address_U,0.0,0.0,decision_tree,early_warning__with_interactions,False,True
famsize_GT3,0.0,0.0,decision_tree,early_warning__with_interactions,False,True
famsize_LE3,0.0,0.0,decision_tree,early_warning__with_interactions,False,True
Pstatus_A,0.0,0.0,decision_tree,early_warning__with_interactions,False,True
Pstatus_T,0.0,0.0,decision_tree,early_warning__with_interactions,False,True
Mjob_at_home,0.0,0.0,decision_tree,early_warning__with_interactions,False,True
Mjob_health,0.0,0.0,decision_tree,early_warning__with_interactions,False,True
Medu,0.0,0.0,decision_tree,early_warning__with_interactions,False,True
Mjob_services,0.0,0.0,decision_tree,early_warning__with_interactions,False,True
Mjob_teacher,0.0,0.0,decision_tree,early_warning__with_interactions,False,True
Fjob_at_home,0.0,0.0,decision_tree,early_warning__with_interactions,False,True
romantic_yes,0.0,0.0,decision_tree,early_warning__with_interactions,False,True
G2,2.47173540983847,2.47173540983847,linear_regression,with_prior_grades__baseline_features,True,False
G1,0.4602616599217025,0.4602616599217025,linear_regression,with_prior_grades__baseline_features,True,False
Fjob_at_home,0.3411045651547949,0.3411045651547949,linear_regression,with_prior_grades__baseline_features,True,False
Mjob_other,-0.2817776377363457,0.2817776377363457,linear_regression,with_prior_grades__baseline_features,True,False
reason_other,-0.24710995599679736,0.24710995599679736,linear_regression,with_prior_grades__baseline_features,True,False
guardian_other,0.2179299701310189,0.2179299701310189,linear_regression,with_prior_grades__baseline_features,True,False
Fjob_teacher,-0.19466481574563504,0.19466481574563504,linear_regression,with_prior_grades__baseline_features,True,False
Fjob_services,-0.1895253657092008,0.1895253657092008,linear_regression,with_prior_grades__baseline_features,True,False
Mjob_health,0.187043348468905,0.187043348468905,linear_regression,with_prior_grades__baseline_features,True,False
reason_course,0.17160004626116793,0.17160004626116793,linear_regression,with_prior_grades__baseline_features,True,False
Medu,-0.16625415445314673,0.16625415445314673,linear_regression,with_prior_grades__baseline_features,True,False
Mjob_at_home,-0.1559567238702247,0.1559567238702247,linear_regression,with_prior_grades__baseline_features,True,False
school_MS,-0.1522757419577514,0.1522757419577514,linear_regression,with_prior_grades__baseline_features,True,False
school_GP,0.15227574195775084,0.15227574195775084,linear_regression,with_prior_grades__baseline_features,True,False
Mjob_teacher,0.14672520571785394,0.14672520571785394,linear_regression,with_prior_grades__baseline_features,True,False
failures,-0.12430279899326532,0.12430279899326532,linear_regression,with_prior_grades__baseline_features,True,False
freetime,-0.11390828992541818,0.11390828992541818,linear_regression,with_prior_grades__baseline_features,True,False
guardian_mother,-0.11331159503550785,0.11331159503550785,linear_regression,with_prior_grades__baseline_features,True,False
guardian_father,-0.10461837509551106,0.10461837509551106,linear_regression,with_prior_grades__baseline_features,True,False
Mjob_services,0.10396580741981132,0.10396580741981132,linear_regression,with_prior_grades__baseline_features,True,False
paid_no,0.09617878285392067,0.09617878285392067,linear_regression,with_prior_grades__baseline_features,True,False
paid_yes,-0.09617878285392045,0.09617878285392045,linear_regression,with_prior_grades__baseline_features,True,False
traveltime,0.08366242135902308,0.08366242135902308,linear_regression,with_prior_grades__baseline_features,True,False
health,-0.07944214426856033,0.07944214426856033,linear_regression,with_prior_grades__baseline_features,True,False
schoolsup_yes,-0.07882895734907958,0.07882895734907958,linear_regression,with_prior_grades__baseline_features,True,False
schoolsup_no,0.07882895734907941,0.07882895734907941,linear_regression,with_prior_grades__baseline_features,True,False
Dalc,-0.06785074704038463,0.06785074704038463,linear_regression,with_prior_grades__baseline_features,True,False
famsup_yes,0.06022935251892482,0.06022935251892482,linear_regression,with_prior_grades__baseline_features,True,False
famsup_no,-0.06022935251892475,0.06022935251892475,linear_regression,with_prior_grades__baseline_features,True,False
internet_no,-0.056434239556411886,0.056434239556411886,linear_regression,with_prior_grades__baseline_features,True,False
internet_yes,0.056434239556411775,0.056434239556411775,linear_regression,with_prior_grades__baseline_features,True,False
absences,0.053970633178174965,0.053970633178174965,linear_regression,with_prior_grades__baseline_features,True,False
address_R,-0.052390328124717556,0.052390328124717556,linear_regression,with_prior_grades__baseline_features,True,False
address_U,0.052390328124717445,0.052390328124717445,linear_regression,with_prior_grades__baseline_features,True,False
studytime,0.0500816263963246,0.0500816263963246,linear_regression,with_prior_grades__baseline_features,True,False
reason_home,0.04792505164511174,0.04792505164511174,linear_regression,with_prior_grades__baseline_features,True,False
sex_M,-0.041799555865684644,0.041799555865684644,linear_regression,with_prior_grades__baseline_features,True,False
sex_F,0.04179955586568444,0.04179955586568444,linear_regression,with_prior_grades__baseline_features,True,False
Fedu,0.04154027593948961,0.04154027593948961,linear_regression,with_prior_grades__baseline_features,True,False
famrel,-0.04014046545813654,0.04014046545813654,linear_regression,with_prior_grades__baseline_features,True,False
famsize_GT3,-0.03931263705841966,0.03931263705841966,linear_regression,with_prior_grades__baseline_features,True,False
famsize_LE3,0.03931263705841952,0.03931263705841952,linear_regression,with_prior_grades__baseline_features,True,False
Walc,0.03515618064207904,0.03515618064207904,linear_regression,with_prior_grades__baseline_features,True,False
Fjob_health,0.03253410003879084,0.03253410003879084,linear_regression,with_prior_grades__baseline_features,True,False
nursery_no,0.03045052024836418,0.03045052024836418,linear_regression,with_prior_grades__baseline_features,True,False
nursery_yes,-0.030450520248364057,0.030450520248364057,linear_regression,with_prior_grades__baseline_features,True,False
romantic_yes,0.030361180321684028,0.030361180321684028,linear_regression,with_prior_grades__baseline_features,True,False
romantic_no,-0.030361180321684,0.030361180321684,linear_regression,with_prior_grades__baseline_features,True,False
reason_reputation,0.02758485809051714,0.02758485809051714,linear_regression,with_prior_grades__baseline_features,True,False
higher_no,-0.025447974306893162,0.025447974306893162,linear_regression,with_prior_grades__baseline_features,True,False
higher_yes,0.025447974306892898,0.025447974306892898,linear_regression,with_prior_grades__baseline_features,True,False
goout,0.02084216949318546,0.02084216949318546,linear_regression,with_prior_grades__baseline_features,True,False
activities_yes,-0.019736102277814575,0.019736102277814575,linear_regression,with_prior_grades__baseline_features,True,False
activities_no,0.019736102277814492,0.019736102277814492,linear_regression,with_prior_grades__baseline_features,True,False
Pstatus_T,-0.01178995192600546,0.01178995192600546,linear_regression,with_prior_grades__baseline_features,True,False
Pstatus_A,0.011789951926005132,0.011789951926005132,linear_regression,with_prior_grades__baseline_features,True,False
Fjob_other,0.01055151626125081,0.01055151626125081,linear_regression,with_prior_grades__baseline_features,True,False
age,0.007371720958875609,0.007371720958875609,linear_regression,with_prior_grades__baseline_features,True,False
G2,2.455661594160832,2.455661594160832,ridge,with_prior_grades__baseline_features,True,False
G1,0.4722547320947094,0.4722547320947094,ridge,with_prior_grades__baseline_features,True,False
Fjob_at_home,0.33078294256298474,0.33078294256298474,ridge,with_prior_grades__baseline_features,True,False
Mjob_other,-0.2775332017090288,0.2775332017090288,ridge,with_prior_grades__baseline_features,True,False
reason_other,-0.24550391370793237,0.24550391370793237,ridge,with_prior_grades__baseline_features,True,False
guardian_other,0.21239595198033331,0.21239595198033331,ridge,with_prior_grades__baseline_features,True,False
Fjob_services,-0.18886288098008439,0.18886288098008439,ridge,with_prior_grades__baseline_features,True,False
Fjob_teacher,-0.18290630236798497,0.18290630236798497,ridge,with_prior_grades__baseline_features,True,False
Mjob_health,0.18278641509426288,0.18278641509426288,ridge,with_prior_grades__baseline_features,True,False
reason_course,0.1707275389240604,0.1707275389240604,ridge,with_prior_grades__baseline_features,True,False
Medu,-0.16304365093238762,0.16304365093238762,ridge,with_prior_grades__baseline_features,True,False
school_MS,-0.1519432501206251,0.1519432501206251,ridge,with_prior_grades__baseline_features,True,False
school_GP,0.15194325012062346,0.15194325012062346,ridge,with_prior_grades__baseline_features,True,False
Mjob_at_home,-0.1495997676296776,0.1495997676296776,ridge,with_prior_grades__baseline_features,True,False
Mjob_teacher,0.14148985343675655,0.14148985343675655,ridge,with_prior_grades__baseline_features,True,False
failures,-0.12520340300069535,0.12520340300069535,ridge,with_prior_grades__baseline_features,True,False
freetime,-0.11355808835816684,0.11355808835816684,ridge,with_prior_grades__baseline_features,True,False
guardian_mother,-0.1110107187203713,0.1110107187203713,ridge,with_prior_grades__baseline_features,True,False
Mjob_services,0.1028567008082578,0.1028567008082578,ridge,with_prior_grades__baseline_features,True,False
guardian_father,-0.10138523326017926,0.10138523326017926,ridge,with_prior_grades__baseline_features,True,False
paid_no,0.09432376432413125,0.09432376432413125,ridge,with_prior_grades__baseline_features,True,False
paid_yes,-0.09432376432412241,0.09432376432412241,ridge,with_prior_grades__baseline_features,True,False
traveltime,0.08283667342630796,0.08283667342630796,ridge,with_prior_grades__baseline_features,True,False
health,-0.07979623613380395,0.07979623613380395,ridge,with_prior_grades__baseline_features,True,False
schoolsup_yes,-0.07804802246828345,0.07804802246828345,ridge,with_prior_grades__baseline_features,True,False
schoolsup_no,0.07804802246825844,0.07804802246825844,ridge,with_prior_grades__baseline_features,True,False
Dalc,-0.06835800449738201,0.06835800449738201,ridge,with_prior_grades__baseline_features,True,False
famsup_no,-0.06055625178466309,0.06055625178466309,ridge,with_prior_grades__baseline_features,True,False
famsup_yes,0.06055625178466236,0.06055625178466236,ridge,with_prior_grades__baseline_features,True,False
internet_yes,0.05692975317981014,0.05692975317981014,ridge,with_prior_grades__baseline_features,True,False
internet_no,-0.05692975317980943,0.05692975317980943,ridge,with_prior_grades__baseline_features,True,False
absences,0.054217305539093805,0.054217305539093805,ridge,with_prior_grades__baseline_features,True,False
address_U,0.052622021017319144,0.052622021017319144,ridge,with_prior_grades__baseline_features,True,False
address_R,-0.05262202101724584,0.05262202101724584,ridge,with_prior_grades__baseline_features,True,False
studytime,0.050275621974771756,0.050275621974771756,ridge,with_prior_grades__baseline_features,True,False
reason_home,0.04660103882238431,0.04660103882238431,ridge,with_prior_grades__baseline_features,True,False
sex_M,-0.041581460719710334,0.041581460719710334,ridge,with_prior_grades__baseline_features,True,False
sex_F,0.041581460719709806,0.041581460719709806,ridge,with_prior_grades__baseline_features,True,False
Fedu,0.0402927016723444,0.0402927016723444,ridge,with_prior_grades__baseline_features,True,False
famrel,-0.039786691030004505,0.039786691030004505,ridge,with_prior_grades__baseline_features,True,False
famsize_GT3,-0.03974565035367555,0.03974565035367555,ridge,with_prior_grades__baseline_features,True,False
famsize_LE3,0.039745650353671676,0.039745650353671676,ridge,with_prior_grades__baseline_features,True,False
Walc,0.034898034765209765,0.034898034765209765,ridge,with_prior_grades__baseline_features,True,False
Fjob_health,0.030943493616269805,0.030943493616269805,ridge,with_prior_grades__baseline_features,True,False
nursery_yes,-0.030261727059178293,0.030261727059178293,ridge,with_prior_grades__baseline_features,True,False
nursery_no,0.030261727059155294,0.030261727059155294,ridge,with_prior_grades__baseline_features,True,False
romantic_no,-0.02917847926017635,0.02917847926017635,ridge,with_prior_grades__baseline_features,True,False
romantic_yes,0.0291784792601755,0.0291784792601755,ridge,with_prior_grades__baseline_features,True,False
reason_reputation,0.028175335961182466,0.028175335961182466,ridge,with_prior_grades__baseline_features,True,False
higher_yes,0.025664170580651097,0.025664170580651097,ridge,with_prior_grades__baseline_features,True,False
higher_no,-0.025664170580650934,0.025664170580650934,ridge,with_prior_grades__baseline_features,True,False
goout,0.01990048303724308,0.01990048303724308,ridge,with_prior_grades__baseline_features,True,False
activities_no,0.019457362808331557,0.019457362808331557,ridge,with_prior_grades__baseline_features,True,False
activities_yes,-0.019457362808331453,0.019457362808331453,ridge,with_prior_grades__baseline_features,True,False
Pstatus_A,0.012522221183704541,0.012522221183704541,ridge,with_prior_grades__baseline_features,True,False
Pstatus_T,-0.012522221183687381,0.012522221183687381,ridge,with_prior_grades__baseline_features,True,False
Fjob_other,0.010042747168659652,0.010042747168659652,ridge,with_prior_grades__baseline_features,True,False
age,0.00946139327461847,0.00946139327461847,ridge,with_prior_grades__baseline_features,True,False
G2,2.472905943747933,2.472905943747933,lasso,with_prior_grades__baseline_features,True,False
G1,0.47728819629811275,0.47728819629811275,lasso,with_prior_grades__baseline_features,True,False
school_GP,0.25958795729420525,0.25958795729420525,lasso,with_prior_grades__baseline_features,True,False
Mjob_other,-0.24967033536764052,0.24967033536764052,lasso,with_prior_grades__baseline_features,True,False
reason_other,-0.23640277188401643,0.23640277188401643,lasso,with_prior_grades__baseline_features,True,False
Fjob_at_home,0.15414655974720995,0.15414655974720995,lasso,with_prior_grades__baseline_features,True,False
guardian_other,0.14837076982129013,0.14837076982129013,lasso,with_prior_grades__baseline_features,True,False
Fjob_services,-0.128679875223874,0.128679875223874,lasso,with_prior_grades__baseline_features,True,False
failures,-0.10249570592797115,0.10249570592797115,lasso,with_prior_grades__baseline_features,True,False
reason_course,0.10197462029984222,0.10197462029984222,lasso,with_prior_grades__baseline_features,True,False
famsup_no,-0.10020406938888048,0.10020406938888048,lasso,with_prior_grades__baseline_features,True,False
Medu,-0.09942039253581846,0.09942039253581846,lasso,with_prior_grades__baseline_features,True,False
freetime,-0.09116706234589456,0.09116706234589456,lasso,with_prior_grades__baseline_features,True,False
address_R,-0.07751856244267868,0.07751856244267868,lasso,with_prior_grades__baseline_features,True,False
internet_no,-0.0736128285178487,0.0736128285178487,lasso,with_prior_grades__baseline_features,True,False
absences,0.0652919825188148,0.0652919825188148,lasso,with_prior_grades__baseline_features,True,False
Mjob_at_home,-0.06487519462587577,0.06487519462587577,lasso,with_prior_grades__baseline_features,True,False
health,-0.06216655114919399,0.06216655114919399,lasso,with_prior_grades__baseline_features,True,False
paid_no,0.06088636707681727,0.06088636707681727,lasso,with_prior_grades__baseline_features,True,False
traveltime,0.0607006670610703,0.0607006670610703,lasso,with_prior_grades__baseline_features,True,False
famsize_GT3,-0.05701155877127285,0.05701155877127285,lasso,with_prior_grades__baseline_features,True,False
Dalc,-0.04960179534079934,0.04960179534079934,lasso,with_prior_grades__baseline_features,True,False
studytime,0.044861470189913724,0.044861470189913724,lasso,with_prior_grades__baseline_features,True,False
famrel,-0.041951269149555076,0.041951269149555076,lasso,with_prior_grades__baseline_features,True,False
schoolsup_no,0.03077490713804057,0.03077490713804057,lasso,with_prior_grades__baseline_features,True,False
sex_F,0.03020371233998501,0.03020371233998501,lasso,with_prior_grades__baseline_features,True,False
romantic_no,-0.02395607842152859,0.02395607842152859,lasso,with_prior_grades__baseline_features,True,False
goout,0.013365553514410525,0.013365553514410525,lasso,with_prior_grades__baseline_features,True,False
age,0.009154228778398197,0.009154228778398197,lasso,with_prior_grades__baseline_features,True,False
Walc,0.0034147600887513164,0.0034147600887513164,lasso,with_prior_grades__baseline_features,True,False
activities_no,0.002011603540497304,0.002011603540497304,lasso,with_prior_grades__baseline_features,True,False
nursery_no,0.000700260583143078,0.000700260583143078,lasso,with_prior_grades__baseline_features,True,False
famsup_yes,6.176812274974172e-16,6.176812274974172e-16,lasso,with_prior_grades__baseline_features,True,False
school_MS,-4.3481568419550355e-16,4.3481568419550355e-16,lasso,with_prior_grades__baseline_features,True,False
sex_M,-4.320454299185261e-16,4.320454299185261e-16,lasso,with_prior_grades__baseline_features,True,False
schoolsup_yes,-3.35952821962855e-16,3.35952821962855e-16,lasso,with_prior_grades__baseline_features,True,False
famsize_LE3,2.3901868139041145e-16,2.3901868139041145e-16,lasso,with_prior_grades__baseline_features,True,False
romantic_yes,1.8435634291487918e-16,1.8435634291487918e-16,lasso,with_prior_grades__baseline_features,True,False
address_U,1.679492105262449e-16,1.679492105262449e-16,lasso,with_prior_grades__baseline_features,True,False
activities_yes,-1.6436117064009417e-16,1.6436117064009417e-16,lasso,with_prior_grades__baseline_features,True,False
nursery_yes,-1.3884475898324251e-16,1.3884475898324251e-16,lasso,with_prior_grades__baseline_features,True,False
paid_yes,-1.1496810071688836e-16,1.1496810071688836e-16,lasso,with_prior_grades__baseline_features,True,False
reason_reputation,-0.0,0.0,lasso,with_prior_grades__baseline_features,True,False
Fedu,0.0,0.0,lasso,with_prior_grades__baseline_features,True,False
internet_yes,0.0,0.0,lasso,with_prior_grades__baseline_features,True,False
higher_yes,0.0,0.0,lasso,with_prior_grades__baseline_features,True,False
higher_no,-0.0,0.0,lasso,with_prior_grades__baseline_features,True,False
Pstatus_A,0.0,0.0,lasso,with_prior_grades__baseline_features,True,False
Pstatus_T,-0.0,0.0,lasso,with_prior_grades__baseline_features,True,False
guardian_father,-0.0,0.0,lasso,with_prior_grades__baseline_features,True,False
Mjob_health,0.0,0.0,lasso,with_prior_grades__baseline_features,True,False
Mjob_services,0.0,0.0,lasso,with_prior_grades__baseline_features,True,False
Fjob_health,0.0,0.0,lasso,with_prior_grades__baseline_features,True,False
Fjob_other,0.0,0.0,lasso,with_prior_grades__baseline_features,True,False
Fjob_teacher,-0.0,0.0,lasso,with_prior_grades__baseline_features,True,False
reason_home,0.0,0.0,lasso,with_prior_grades__baseline_features,True,False
guardian_mother,-0.0,0.0,lasso,with_prior_grades__baseline_features,True,False
Mjob_teacher,0.0,0.0,lasso,with_prior_grades__baseline_features,True,False
G2,0.9304275500605511,0.9304275500605511,decision_tree,with_prior_grades__baseline_features,True,False
absences,0.025053404419690686,0.025053404419690686,decision_tree,with_prior_grades__baseline_features,True,False
school_MS,0.01785163504635223,0.01785163504635223,decision_tree,with_prior_grades__baseline_features,True,False
G1,0.006368746503639743,0.006368746503639743,decision_tree,with_prior_grades__baseline_features,True,False
freetime,0.005145515348501469,0.005145515348501469,decision_tree,with_prior_grades__baseline_features,True,False
Fedu,0.0032216399438344374,0.0032216399438344374,decision_tree,with_prior_grades__baseline_features,True,False
Dalc,0.0027424525097701404,0.0027424525097701404,decision_tree,with_prior_grades__baseline_features,True,False
famrel,0.0023806800213647065,0.0023806800213647065,decision_tree,with_prior_grades__baseline_features,True,False
Walc,0.0018783845963832003,0.0018783845963832003,decision_tree,with_prior_grades__baseline_features,True,False
failures,0.0013577695268974768,0.0013577695268974768,decision_tree,with_prior_grades__baseline_features,True,False
age,0.0012056707795088475,0.0012056707795088475,decision_tree,with_prior_grades__baseline_features,True,False
Medu,0.000852371531828139,0.000852371531828139,decision_tree,with_prior_grades__baseline_features,True,False
famsize_LE3,0.0008177790239503859,0.0008177790239503859,decision_tree,with_prior_grades__baseline_features,True,False
studytime,0.00046080244511312616,0.00046080244511312616,decision_tree,with_prior_grades__baseline_features,True,False
traveltime,0.00023559824261439396,0.00023559824261439396,decision_tree,with_prior_grades__baseline_features,True,False
guardian_father,0.0,0.0,decision_tree,with_prior_grades__baseline_features,True,False
paid_no,0.0,0.0,decision_tree,with_prior_grades__baseline_features,True,False
reason_reputation,0.0,0.0,decision_tree,with_prior_grades__baseline_features,True,False
guardian_mother,0.0,0.0,decision_tree,with_prior_grades__baseline_features,True,False
guardian_other,0.0,0.0,decision_tree,with_prior_grades__baseline_features,True,False
schoolsup_no,0.0,0.0,decision_tree,with_prior_grades__baseline_features,True,False
schoolsup_yes,0.0,0.0,decision_tree,with_prior_grades__baseline_features,True,False
famsup_no,0.0,0.0,decision_tree,with_prior_grades__baseline_features,True,False
famsup_yes,0.0,0.0,decision_tree,with_prior_grades__baseline_features,True,False
higher_no,0.0,0.0,decision_tree,with_prior_grades__baseline_features,True,False
paid_yes,0.0,0.0,decision_tree,with_prior_grades__baseline_features,True,False
activities_no,0.0,0.0,decision_tree,with_prior_grades__baseline_features,True,False
activities_yes,0.0,0.0,decision_tree,with_prior_grades__baseline_features,True,False
nursery_no,0.0,0.0,decision_tree,with_prior_grades__baseline_features,True,False
nursery_yes,0.0,0.0,decision_tree,with_prior_grades__baseline_features,True,False
reason_home,0.0,0.0,decision_tree,with_prior_grades__baseline_features,True,False
higher_yes,0.0,0.0,decision_tree,with_prior_grades__baseline_features,True,False
internet_no,0.0,0.0,decision_tree,with_prior_grades__baseline_features,True,False
internet_yes,0.0,0.0,decision_tree,with_prior_grades__baseline_features,True,False
romantic_no,0.0,0.0,decision_tree,with_prior_grades__baseline_features,True,False
reason_other,0.0,0.0,decision_tree,with_prior_grades__baseline_features,True,False
Mjob_teacher,0.0,0.0,decision_tree,with_prior_grades__baseline_features,True,False
reason_course,0.0,0.0,decision_tree,with_prior_grades__baseline_features,True,False
Pstatus_A,0.0,0.0,decision_tree,with_prior_grades__baseline_features,True,False
goout,0.0,0.0,decision_tree,with_prior_grades__baseline_features,True,False
health,0.0,0.0,decision_tree,with_prior_grades__baseline_features,True,False
school_GP,0.0,0.0,decision_tree,with_prior_grades__baseline_features,True,False
sex_F,0.0,0.0,decision_tree,with_prior_grades__baseline_features,True,False
sex_M,0.0,0.0,decision_tree,with_prior_grades__baseline_features,True,False
address_R,0.0,0.0,decision_tree,with_prior_grades__baseline_features,True,False
address_U,0.0,0.0,decision_tree,with_prior_grades__baseline_features,True,False
famsize_GT3,0.0,0.0,decision_tree,with_prior_grades__baseline_features,True,False
Pstatus_T,0.0,0.0,decision_tree,with_prior_grades__baseline_features,True,False
Fjob_teacher,0.0,0.0,decision_tree,with_prior_grades__baseline_features,True,False
Mjob_at_home,0.0,0.0,decision_tree,with_prior_grades__baseline_features,True,False
Mjob_health,0.0,0.0,decision_tree,with_prior_grades__baseline_features,True,False
Mjob_other,0.0,0.0,decision_tree,with_prior_grades__baseline_features,True,False
Mjob_services,0.0,0.0,decision_tree,with_prior_grades__baseline_features,True,False
Fjob_at_home,0.0,0.0,decision_tree,with_prior_grades__baseline_features,True,False
Fjob_health,0.0,0.0,decision_tree,with_prior_grades__baseline_features,True,False
Fjob_other,0.0,0.0,decision_tree,with_prior_grades__baseline_features,True,False
Fjob_services,0.0,0.0,decision_tree,with_prior_grades__baseline_features,True,False
romantic_yes,0.0,0.0,decision_tree,with_prior_grades__baseline_features,True,False
G2,2.478480302186666,2.478480302186666,linear_regression,with_prior_grades__with_interactions,True,True
G1,0.4552123453031639,0.4552123453031639,linear_regression,with_prior_grades__with_interactions,True,True
Fjob_at_home,0.33535713972189796,0.33535713972189796,linear_regression,with_prior_grades__with_interactions,True,True
Medu,-0.27415821254439693,0.27415821254439693,linear_regression,with_prior_grades__with_interactions,True,True
Mjob_other,-0.27146100381896665,0.27146100381896665,linear_regression,with_prior_grades__with_interactions,True,True
failures,-0.25373181971155234,0.25373181971155234,linear_regression,with_prior_grades__with_interactions,True,True
reason_other,-0.2339027912001833,0.2339027912001833,linear_regression,with_prior_grades__with_interactions,True,True
Medu_x_Fedu,0.2199150726539298,0.2199150726539298,linear_regression,with_prior_grades__with_interactions,True,True
Fjob_teacher,-0.19905887781234924,0.19905887781234924,linear_regression,with_prior_grades__with_interactions,True,True
guardian_other,0.19771195689409518,0.19771195689409518,linear_regression,with_prior_grades__with_interactions,True,True
Mjob_health,0.18709657858829287,0.18709657858829287,linear_regression,with_prior_grades__with_interactions,True,True
reason_course,0.1722092975148898,0.1722092975148898,linear_regression,with_prior_grades__with_interactions,True,True
Mjob_at_home,-0.16551159339077054,0.16551159339077054,linear_regression,with_prior_grades__with_interactions,True,True
Fjob_services,-0.16496726728749528,0.16496726728749528,linear_regression,with_prior_grades__with_interactions,True,True
school_MS,-0.16254977988248104,0.16254977988248104,linear_regression,with_prior_grades__with_interactions,True,True
school_GP,0.1625497798824807,0.1625497798824807,linear_regression,with_prior_grades__with_interactions,True,True
internet_yes,0.14884489435843387,0.14884489435843387,linear_regression,with_prior_grades__with_interactions,True,True
internet_no,-0.14884489435843362,0.14884489435843362,linear_regression,with_prior_grades__with_interactions,True,True
schoolsup_no,0.13753070378201493,0.13753070378201493,linear_regression,with_prior_grades__with_interactions,True,True
schoolsup_yes,-0.13753070378201493,0.13753070378201493,linear_regression,with_prior_grades__with_interactions,True,True
Mjob_teacher,0.12853517273864953,0.12853517273864953,linear_regression,with_prior_grades__with_interactions,True,True
studytime_x_failures,0.12432657248732648,0.12432657248732648,linear_regression,with_prior_grades__with_interactions,True,True
Mjob_services,0.1213408458827949,0.1213408458827949,linear_regression,with_prior_grades__with_interactions,True,True
freetime,-0.12019521034381753,0.12019521034381753,linear_regression,with_prior_grades__with_interactions,True,True
internet_x_studytime,-0.11103541743741538,0.11103541743741538,linear_regression,with_prior_grades__with_interactions,True,True
guardian_mother,-0.10700282586549648,0.10700282586549648,linear_regression,with_prior_grades__with_interactions,True,True
paid_no,0.10312347798243737,0.10312347798243737,linear_regression,with_prior_grades__with_interactions,True,True
paid_yes,-0.10312347798243726,0.10312347798243726,linear_regression,with_prior_grades__with_interactions,True,True
schoolsup_x_failures,0.09447801517627996,0.09447801517627996,linear_regression,with_prior_grades__with_interactions,True,True
guardian_father,-0.09070913102859937,0.09070913102859937,linear_regression,with_prior_grades__with_interactions,True,True
studytime,0.08844555860340889,0.08844555860340889,linear_regression,with_prior_grades__with_interactions,True,True
health,-0.08563169908521584,0.08563169908521584,linear_regression,with_prior_grades__with_interactions,True,True
Fedu,-0.08536000595198323,0.08536000595198323,linear_regression,with_prior_grades__with_interactions,True,True
traveltime,0.07371065952720485,0.07371065952720485,linear_regression,with_prior_grades__with_interactions,True,True
Dalc,-0.06463898154935013,0.06463898154935013,linear_regression,with_prior_grades__with_interactions,True,True
reason_home,0.06071904534332086,0.06071904534332086,linear_regression,with_prior_grades__with_interactions,True,True
famsup_no,-0.05661539185674721,0.05661539185674721,linear_regression,with_prior_grades__with_interactions,True,True
famsup_yes,0.05661539185674655,0.05661539185674655,linear_regression,with_prior_grades__with_interactions,True,True
address_R,-0.05078303315224456,0.05078303315224456,linear_regression,with_prior_grades__with_interactions,True,True
address_U,0.05078303315224426,0.05078303315224426,linear_regression,with_prior_grades__with_interactions,True,True
sex_F,0.04374836985567866,0.04374836985567866,linear_regression,with_prior_grades__with_interactions,True,True
sex_M,-0.04374836985567837,0.04374836985567837,linear_regression,with_prior_grades__with_interactions,True,True
famsize_GT3,-0.04200299821631995,0.04200299821631995,linear_regression,with_prior_grades__with_interactions,True,True
famsize_LE3,0.04200299821631992,0.04200299821631992,linear_regression,with_prior_grades__with_interactions,True,True
studytime_x_absences,0.03641452650473695,0.03641452650473695,linear_regression,with_prior_grades__with_interactions,True,True
nursery_no,0.03380965285835008,0.03380965285835008,linear_regression,with_prior_grades__with_interactions,True,True
nursery_yes,-0.03380965285834997,0.03380965285834997,linear_regression,with_prior_grades__with_interactions,True,True
famrel,-0.03120076066161992,0.03120076066161992,linear_regression,with_prior_grades__with_interactions,True,True
Walc,0.030192891689257262,0.030192891689257262,linear_regression,with_prior_grades__with_interactions,True,True
Fjob_other,0.028372336573416257,0.028372336573416257,linear_regression,with_prior_grades__with_interactions,True,True
romantic_no,-0.023832036929561762,0.023832036929561762,linear_regression,with_prior_grades__with_interactions,True,True
romantic_yes,0.02383203692956165,0.02383203692956165,linear_regression,with_prior_grades__with_interactions,True,True
goout,0.022825466692173446,0.022825466692173446,linear_regression,with_prior_grades__with_interactions,True,True
absences,0.021964688043092984,0.021964688043092984,linear_regression,with_prior_grades__with_interactions,True,True
higher_no,-0.019689107149996776,0.019689107149996776,linear_regression,with_prior_grades__with_interactions,True,True
higher_yes,0.019689107149996776,0.019689107149996776,linear_regression,with_prior_grades__with_interactions,True,True
Pstatus_T,-0.016427082653223624,0.016427082653223624,linear_regression,with_prior_grades__with_interactions,True,True
Pstatus_A,0.016427082653223513,0.016427082653223513,linear_regression,with_prior_grades__with_interactions,True,True
activities_yes,-0.015110949018975119,0.015110949018975119,linear_regression,with_prior_grades__with_interactions,True,True
activities_no,0.015110949018975,0.015110949018975,linear_regression,with_prior_grades__with_interactions,True,True
age,-0.002319085428271996,0.002319085428271996,linear_regression,with_prior_grades__with_interactions,True,True
reason_reputation,0.000974448341972356,0.000974448341972356,linear_regression,with_prior_grades__with_interactions,True,True
Fjob_health,0.00029666880453060873,0.00029666880453060873,linear_regression,with_prior_grades__with_interactions,True,True
G2,2.4622759442504565,2.4622759442504565,ridge,with_prior_grades__with_interactions,True,True
G1,0.46751925447428644,0.46751925447428644,ridge,with_prior_grades__with_interactions,True,True
Fjob_at_home,0.3249472455156724,0.3249472455156724,ridge,with_prior_grades__with_interactions,True,True
Mjob_other,-0.26813293176279773,0.26813293176279773,ridge,with_prior_grades__with_interactions,True,True
Medu,-0.2631901446501134,0.2631901446501134,ridge,with_prior_grades__with_interactions,True,True
failures,-0.2508368685702332,0.2508368685702332,ridge,with_prior_grades__with_interactions,True,True
reason_other,-0.2325963808149741,0.2325963808149741,ridge,with_prior_grades__with_interactions,True,True
Medu_x_Fedu,0.20314065577591864,0.20314065577591864,ridge,with_prior_grades__with_interactions,True,True
guardian_other,0.19359410171249403,0.19359410171249403,ridge,with_prior_grades__with_interactions,True,True
Fjob_teacher,-0.18572721802354247,0.18572721802354247,ridge,with_prior_grades__with_interactions,True,True
Mjob_health,0.18288755728532421,0.18288755728532421,ridge,with_prior_grades__with_interactions,True,True
reason_course,0.17133630156301455,0.17133630156301455,ridge,with_prior_grades__with_interactions,True,True
Fjob_services,-0.16611526125024878,0.16611526125024878,ridge,with_prior_grades__with_interactions,True,True
school_GP,0.1612603826552241,0.1612603826552241,ridge,with_prior_grades__with_interactions,True,True
school_MS,-0.1612603826552189,0.1612603826552189,ridge,with_prior_grades__with_interactions,True,True
Mjob_at_home,-0.1597201560436839,0.1597201560436839,ridge,with_prior_grades__with_interactions,True,True
internet_no,-0.14226229619586556,0.14226229619586556,ridge,with_prior_grades__with_interactions,True,True
internet_yes,0.1422622961958655,0.1422622961958655,ridge,with_prior_grades__with_interactions,True,True
schoolsup_yes,-0.13563440694954787,0.13563440694954787,ridge,with_prior_grades__with_interactions,True,True
schoolsup_no,0.1356344069495297,0.1356344069495297,ridge,with_prior_grades__with_interactions,True,True
Mjob_teacher,0.12562720736678554,0.12562720736678554,ridge,with_prior_grades__with_interactions,True,True
studytime_x_failures,0.12043290975890113,0.12043290975890113,ridge,with_prior_grades__with_interactions,True,True
freetime,-0.11954915812708494,0.11954915812708494,ridge,with_prior_grades__with_interactions,True,True
Mjob_services,0.11933832315492707,0.11933832315492707,ridge,with_prior_grades__with_interactions,True,True
guardian_mother,-0.1048526833406785,0.1048526833406785,ridge,with_prior_grades__with_interactions,True,True
internet_x_studytime,-0.10348399390210418,0.10348399390210418,ridge,with_prior_grades__with_interactions,True,True
paid_no,0.10033546511927886,0.10033546511927886,ridge,with_prior_grades__with_interactions,True,True
paid_yes,-0.10033546511926256,0.10033546511926256,ridge,with_prior_grades__with_interactions,True,True
schoolsup_x_failures,0.09409027035738986,0.09409027035738986,ridge,with_prior_grades__with_interactions,True,True
guardian_father,-0.08874141837195343,0.08874141837195343,ridge,with_prior_grades__with_interactions,True,True
health,-0.0856617160646012,0.0856617160646012,ridge,with_prior_grades__with_interactions,True,True
studytime,0.08463974929158859,0.08463974929158859,ridge,with_prior_grades__with_interactions,True,True
Fedu,-0.07648460501573492,0.07648460501573492,ridge,with_prior_grades__with_interactions,True,True
traveltime,0.07333959722791338,0.07333959722791338,ridge,with_prior_grades__with_interactions,True,True
Dalc,-0.06498609863155688,0.06498609863155688,ridge,with_prior_grades__with_interactions,True,True
reason_home,0.0586587103669538,0.0586587103669538,ridge,with_prior_grades__with_interactions,True,True
famsup_yes,0.05700267679085546,0.05700267679085546,ridge,with_prior_grades__with_interactions,True,True
famsup_no,-0.05700267679085509,0.05700267679085509,ridge,with_prior_grades__with_interactions,True,True
address_U,0.05143385854022557,0.05143385854022557,ridge,with_prior_grades__with_interactions,True,True
address_R,-0.051433858540130946,0.051433858540130946,ridge,with_prior_grades__with_interactions,True,True
sex_M,-0.04367296411740896,0.04367296411740896,ridge,with_prior_grades__with_interactions,True,True
sex_F,0.04367296411739496,0.04367296411739496,ridge,with_prior_grades__with_interactions,True,True
famsize_LE3,0.04246699708341579,0.04246699708341579,ridge,with_prior_grades__with_interactions,True,True
famsize_GT3,-0.04246699708341206,0.04246699708341206,ridge,with_prior_grades__with_interactions,True,True
studytime_x_absences,0.0368139700490631,0.0368139700490631,ridge,with_prior_grades__with_interactions,True,True
nursery_yes,-0.03370461128815807,0.03370461128815807,ridge,with_prior_grades__with_interactions,True,True
nursery_no,0.033704611288120176,0.033704611288120176,ridge,with_prior_grades__with_interactions,True,True
famrel,-0.031063869343345606,0.031063869343345606,ridge,with_prior_grades__with_interactions,True,True
Walc,0.02995115177597992,0.02995115177597992,ridge,with_prior_grades__with_interactions,True,True
Fjob_other,0.026438561861191145,0.026438561861191145,ridge,with_prior_grades__with_interactions,True,True
romantic_yes,0.02272368761359768,0.02272368761359768,ridge,with_prior_grades__with_interactions,True,True
romantic_no,-0.02272368761359749,0.02272368761359749,ridge,with_prior_grades__with_interactions,True,True
goout,0.0220489700216383,0.0220489700216383,ridge,with_prior_grades__with_interactions,True,True
absences,0.021917223942913622,0.021917223942913622,ridge,with_prior_grades__with_interactions,True,True
higher_no,-0.019878850957731394,0.019878850957731394,ridge,with_prior_grades__with_interactions,True,True
higher_yes,0.019878850957731325,0.019878850957731325,ridge,with_prior_grades__with_interactions,True,True
Pstatus_A,0.01692738690472299,0.01692738690472299,ridge,with_prior_grades__with_interactions,True,True
Pstatus_T,-0.01692738690469055,0.01692738690469055,ridge,with_prior_grades__with_interactions,True,True
activities_yes,-0.014794899180222068,0.014794899180222068,ridge,with_prior_grades__with_interactions,True,True
activities_no,0.014794899180221997,0.014794899180221997,ridge,with_prior_grades__with_interactions,True,True
reason_reputation,0.0026013688848318525,0.0026013688848318525,ridge,with_prior_grades__with_interactions,True,True
Fjob_health,0.00045667189676830167,0.00045667189676830167,ridge,with_prior_grades__with_interactions,True,True
age,-1.2777653872015142e-05,1.2777653872015142e-05,ridge,with_prior_grades__with_interactions,True,True
G2,2.4768376417950853,2.4768376417950853,lasso,with_prior_grades__with_interactions,True,True
G1,0.47326858179478737,0.47326858179478737,lasso,with_prior_grades__with_interactions,True,True
Mjob_other,-0.2583145204403352,0.2583145204403352,lasso,with_prior_grades__with_interactions,True,True
school_GP,0.2574083810425407,0.2574083810425407,lasso,with_prior_grades__with_interactions,True,True
reason_other,-0.2204874736263951,0.2204874736263951,lasso,with_prior_grades__with_interactions,True,True
Fjob_at_home,0.1520596729142841,0.1520596729142841,lasso,with_prior_grades__with_interactions,True,True
failures,-0.14576327701721822,0.14576327701721822,lasso,with_prior_grades__with_interactions,True,True
guardian_other,0.1414721926751384,0.1414721926751384,lasso,with_prior_grades__with_interactions,True,True
Fjob_services,-0.12855279406739936,0.12855279406739936,lasso,with_prior_grades__with_interactions,True,True
schoolsup_no,0.12233288026977095,0.12233288026977095,lasso,with_prior_grades__with_interactions,True,True
reason_course,0.11139988909802773,0.11139988909802773,lasso,with_prior_grades__with_interactions,True,True
Medu,-0.10526399033702076,0.10526399033702076,lasso,with_prior_grades__with_interactions,True,True
famsup_no,-0.09667313942069289,0.09667313942069289,lasso,with_prior_grades__with_interactions,True,True
freetime,-0.09153085124769259,0.09153085124769259,lasso,with_prior_grades__with_interactions,True,True
Mjob_at_home,-0.08891552863511853,0.08891552863511853,lasso,with_prior_grades__with_interactions,True,True
address_R,-0.08484940145044557,0.08484940145044557,lasso,with_prior_grades__with_interactions,True,True
schoolsup_x_failures,0.07446889143516967,0.07446889143516967,lasso,with_prior_grades__with_interactions,True,True
studytime_x_absences,0.06553928902441304,0.06553928902441304,lasso,with_prior_grades__with_interactions,True,True
famsize_GT3,-0.06432761547190499,0.06432761547190499,lasso,with_prior_grades__with_interactions,True,True
health,-0.06392433442860275,0.06392433442860275,lasso,with_prior_grades__with_interactions,True,True
traveltime,0.056997557692335145,0.056997557692335145,lasso,with_prior_grades__with_interactions,True,True
internet_no,-0.054958279431066404,0.054958279431066404,lasso,with_prior_grades__with_interactions,True,True
paid_no,0.04398174194097886,0.04398174194097886,lasso,with_prior_grades__with_interactions,True,True
Dalc,-0.043817292723400646,0.043817292723400646,lasso,with_prior_grades__with_interactions,True,True
famrel,-0.0388552706601283,0.0388552706601283,lasso,with_prior_grades__with_interactions,True,True
sex_F,0.03678454906140437,0.03678454906140437,lasso,with_prior_grades__with_interactions,True,True
studytime_x_failures,0.03184080699964105,0.03184080699964105,lasso,with_prior_grades__with_interactions,True,True
studytime,0.019917768257898868,0.019917768257898868,lasso,with_prior_grades__with_interactions,True,True
goout,0.016202403676670793,0.016202403676670793,lasso,with_prior_grades__with_interactions,True,True
romantic_no,-0.011045477106624652,0.011045477106624652,lasso,with_prior_grades__with_interactions,True,True
absences,0.007204484030119968,0.007204484030119968,lasso,with_prior_grades__with_interactions,True,True
internet_x_studytime,0.0064345112239501505,0.0064345112239501505,lasso,with_prior_grades__with_interactions,True,True
nursery_no,0.0061704320731783245,0.0061704320731783245,lasso,with_prior_grades__with_interactions,True,True
age,0.0041742071647583165,0.0041742071647583165,lasso,with_prior_grades__with_interactions,True,True
schoolsup_yes,-1.0451865572177712e-15,1.0451865572177712e-15,lasso,with_prior_grades__with_interactions,True,True
sex_M,-8.501539104848417e-16,8.501539104848417e-16,lasso,with_prior_grades__with_interactions,True,True
school_MS,-6.822108148584625e-16,6.822108148584625e-16,lasso,with_prior_grades__with_interactions,True,True
nursery_yes,-5.233379377060679e-16,5.233379377060679e-16,lasso,with_prior_grades__with_interactions,True,True
famsize_LE3,5.121828886937389e-16,5.121828886937389e-16,lasso,with_prior_grades__with_interactions,True,True
paid_yes,-2.586782266129988e-16,2.586782266129988e-16,lasso,with_prior_grades__with_interactions,True,True
famsup_yes,2.3253881505785116e-16,2.3253881505785116e-16,lasso,with_prior_grades__with_interactions,True,True
romantic_yes,1.6223358176509368e-16,1.6223358176509368e-16,lasso,with_prior_grades__with_interactions,True,True
internet_yes,1.2963008993936066e-16,1.2963008993936066e-16,lasso,with_prior_grades__with_interactions,True,True
reason_home,0.0,0.0,lasso,with_prior_grades__with_interactions,True,True
activities_no,0.0,0.0,lasso,with_prior_grades__with_interactions,True,True
Fedu,0.0,0.0,lasso,with_prior_grades__with_interactions,True,True
Walc,0.0,0.0,lasso,with_prior_grades__with_interactions,True,True
higher_yes,0.0,0.0,lasso,with_prior_grades__with_interactions,True,True
higher_no,-0.0,0.0,lasso,with_prior_grades__with_interactions,True,True
Medu_x_Fedu,0.0,0.0,lasso,with_prior_grades__with_interactions,True,True
address_U,0.0,0.0,lasso,with_prior_grades__with_interactions,True,True
activities_yes,-0.0,0.0,lasso,with_prior_grades__with_interactions,True,True
Pstatus_A,0.0,0.0,lasso,with_prior_grades__with_interactions,True,True
reason_reputation,-0.0,0.0,lasso,with_prior_grades__with_interactions,True,True
Pstatus_T,-0.0,0.0,lasso,with_prior_grades__with_interactions,True,True
Mjob_services,0.0,0.0,lasso,with_prior_grades__with_interactions,True,True
Mjob_teacher,0.0,0.0,lasso,with_prior_grades__with_interactions,True,True
Fjob_health,0.0,0.0,lasso,with_prior_grades__with_interactions,True,True
Fjob_other,0.0,0.0,lasso,with_prior_grades__with_interactions,True,True
Fjob_teacher,-0.0,0.0,lasso,with_prior_grades__with_interactions,True,True
guardian_mother,-0.0,0.0,lasso,with_prior_grades__with_interactions,True,True
guardian_father,-0.0,0.0,lasso,with_prior_grades__with_interactions,True,True
Mjob_health,0.0,0.0,lasso,with_prior_grades__with_interactions,True,True
G2,0.9297491638994922,0.9297491638994922,decision_tree,with_prior_grades__with_interactions,True,True
school_MS,0.01661284504303458,0.01661284504303458,decision_tree,with_prior_grades__with_interactions,True,True
studytime_x_absences,0.016275959845688324,0.016275959845688324,decision_tree,with_prior_grades__with_interactions,True,True
absences,0.008759177828950988,0.008759177828950988,decision_tree,with_prior_grades__with_interactions,True,True
studytime_x_failures,0.00577326803721625,0.00577326803721625,decision_tree,with_prior_grades__with_interactions,True,True
G1,0.0056377182867723185,0.0056377182867723185,decision_tree,with_prior_grades__with_interactions,True,True
Fedu,0.0032192910065596656,0.0032192910065596656,decision_tree,with_prior_grades__with_interactions,True,True
Dalc,0.0027404529539424263,0.0027404529539424263,decision_tree,with_prior_grades__with_interactions,True,True
famrel,0.002378944238304222,0.002378944238304222,decision_tree,with_prior_grades__with_interactions,True,True
Walc,0.0018770150430899326,0.0018770150430899326,decision_tree,with_prior_grades__with_interactions,True,True
failures,0.0013567795604493694,0.0013567795604493694,decision_tree,with_prior_grades__with_interactions,True,True
romantic_yes,0.0012257741568211292,0.0012257741568211292,decision_tree,with_prior_grades__with_interactions,True,True
age,0.0012047917101266493,0.0012047917101266493,decision_tree,with_prior_grades__with_interactions,True,True
Medu,0.0008517500572692277,0.0008517500572692277,decision_tree,with_prior_grades__with_interactions,True,True
Medu_x_Fedu,0.0008239926276408176,0.0008239926276408176,decision_tree,with_prior_grades__with_interactions,True,True
famsize_LE3,0.0008171827712140863,0.0008171827712140863,decision_tree,with_prior_grades__with_interactions,True,True
studytime,0.0004604664683874515,0.0004604664683874515,decision_tree,with_prior_grades__with_interactions,True,True
traveltime,0.0002354264650403647,0.0002354264650403647,decision_tree,with_prior_grades__with_interactions,True,True
health,0.0,0.0,decision_tree,with_prior_grades__with_interactions,True,True
paid_no,0.0,0.0,decision_tree,with_prior_grades__with_interactions,True,True
reason_reputation,0.0,0.0,decision_tree,with_prior_grades__with_interactions,True,True
guardian_father,0.0,0.0,decision_tree,with_prior_grades__with_interactions,True,True
guardian_mother,0.0,0.0,decision_tree,with_prior_grades__with_interactions,True,True
guardian_other,0.0,0.0,decision_tree,with_prior_grades__with_interactions,True,True
schoolsup_no,0.0,0.0,decision_tree,with_prior_grades__with_interactions,True,True
schoolsup_yes,0.0,0.0,decision_tree,with_prior_grades__with_interactions,True,True
famsup_no,0.0,0.0,decision_tree,with_prior_grades__with_interactions,True,True
famsup_yes,0.0,0.0,decision_tree,with_prior_grades__with_interactions,True,True
activities_no,0.0,0.0,decision_tree,with_prior_grades__with_interactions,True,True
paid_yes,0.0,0.0,decision_tree,with_prior_grades__with_interactions,True,True
reason_home,0.0,0.0,decision_tree,with_prior_grades__with_interactions,True,True
activities_yes,0.0,0.0,decision_tree,with_prior_grades__with_interactions,True,True
nursery_no,0.0,0.0,decision_tree,with_prior_grades__with_interactions,True,True
nursery_yes,0.0,0.0,decision_tree,with_prior_grades__with_interactions,True,True
higher_no,0.0,0.0,decision_tree,with_prior_grades__with_interactions,True,True
higher_yes,0.0,0.0,decision_tree,with_prior_grades__with_interactions,True,True
internet_no,0.0,0.0,decision_tree,with_prior_grades__with_interactions,True,True
internet_yes,0.0,0.0,decision_tree,with_prior_grades__with_interactions,True,True
romantic_no,0.0,0.0,decision_tree,with_prior_grades__with_interactions,True,True
reason_other,0.0,0.0,decision_tree,with_prior_grades__with_interactions,True,True
Fjob_services,0.0,0.0,decision_tree,with_prior_grades__with_interactions,True,True
reason_course,0.0,0.0,decision_tree,with_prior_grades__with_interactions,True,True
Fjob_teacher,0.0,0.0,decision_tree,with_prior_grades__with_interactions,True,True
freetime,0.0,0.0,decision_tree,with_prior_grades__with_interactions,True,True
schoolsup_x_failures,0.0,0.0,decision_tree,with_prior_grades__with_interactions,True,True
internet_x_studytime,0.0,0.0,decision_tree,with_prior_grades__with_interactions,True,True
school_GP,0.0,0.0,decision_tree,with_prior_grades__with_interactions,True,True
sex_F,0.0,0.0,decision_tree,with_prior_grades__with_interactions,True,True
sex_M,0.0,0.0,decision_tree,with_prior_grades__with_interactions,True,True
address_R,0.0,0.0,decision_tree,with_prior_grades__with_interactions,True,True
address_U,0.0,0.0,decision_tree,with_prior_grades__with_interactions,True,True
famsize_GT3,0.0,0.0,decision_tree,with_prior_grades__with_interactions,True,True
Pstatus_A,0.0,0.0,decision_tree,with_prior_grades__with_interactions,True,True
Pstatus_T,0.0,0.0,decision_tree,with_prior_grades__with_interactions,True,True
Mjob_at_home,0.0,0.0,decision_tree,with_prior_grades__with_interactions,True,True
Mjob_other,0.0,0.0,decision_tree,with_prior_grades__with_interactions,True,True
Mjob_services,0.0,0.0,decision_tree,with_prior_grades__with_interactions,True,True
Mjob_teacher,0.0,0.0,decision_tree,with_prior_grades__with_interactions,True,True
Fjob_at_home,0.0,0.0,decision_tree,with_prior_grades__with_interactions,True,True
Fjob_health,0.0,0.0,decision_tree,with_prior_grades__with_interactions,True,True
Fjob_other,0.0,0.0,decision_tree,with_prior_grades__with_interactions,True,True
goout,0.0,0.0,decision_tree,with_prior_grades__with_interactions,True,True
Mjob_health,0.0,0.0,decision_tree,with_prior_grades__with_interactions,True,True
